Plasmid,Colony,POS,REF,ALT,DP,AF
0,0,24685,A,G,60,0.2167
0,0,28673,G,A,32,0.3438
0,0,42194,G,A,25,0.16
0,0,58954,C,T,37,0.1351
0,0,65954,GA,G,51,0.1176
0,0,68968,G,T,45,0.4
0,0,68970,T,G,45,0.3778
0,0,68975,GGCGGCA,G,45,0.3778
0,0,69167,A,T,45,0.5111
0,0,69170,G,T,45,0.5111
0,0,69178,TTA,T,45,0.4889
0,0,69182,C,T,45,0.4889
0,0,69700,C,G,45,0.7111
0,0,69705,A,T,45,0.6889
0,0,70007,C,A,45,0.7111
0,0,70009,C,T,45,0.6889
0,0,70012,A,G,45,0.7111
0,0,70013,ATC,A,45,0.7111
0,0,70015,C,A,45,0.0444
0,0,70025,AT,A,45,0.8889
0,0,70027,C,G,45,0.8889
0,0,70031,GCC,G,45,0.8889
0,0,70043,C,G,45,0.9333
0,0,70044,G,GA,45,0.9333
0,0,70048,T,TG,53,0.9811
0,0,97657,G,C,61,0.2787
0,0,237960,G,C,17,0.1765
0,0,284208,C,G,51,0.2353
0,0,294643,G,A,18,0.2222
0,0,295785,C,T,23,0.1739
0,0,317165,C,G,20,0.25
0,0,333360,G,A,15,0.1333
0,0,364749,C,T,69,0.9855
0,0,364750,C,T,69,0.9855
0,0,390383,T,C,9,0.2222
0,0,402198,A,G,25,0.12
0,0,474484,A,G,49,0.1429
0,0,480655,A,G,11,0.1818
0,0,497586,A,G,84,0.2381
0,0,516645,A,G,56,0.25
0,0,527507,G,A,12,0.25
0,0,528498,C,G,10,0.2
0,0,563437,T,C,13,0.2308
0,0,568024,G,C,13,0.2308
0,0,568405,T,C,11,0.1818
0,0,568989,G,C,7,0.2857
0,0,570434,G,A,9,0.4444
0,0,571709,G,C,13,0.1538
0,0,581277,T,C,15,0.2
0,0,585424,T,C,12,0.1667
0,0,585435,T,C,12,0.1667
0,0,585589,C,T,14,0.4286
0,0,655813,G,C,15,0.2
0,0,659954,A,G,23,0.3913
0,0,659976,T,C,23,0.1739
0,0,661805,C,G,15,0.2667
0,0,689879,T,C,81,0.3086
0,0,711238,A,G,57,0.2456
0,0,720539,G,A,23,0.1739
0,0,737253,C,T,9,0.3333
0,0,771170,G,A,20,0.25
0,0,779645,T,C,58,0.2069
0,0,890479,G,GGC,8,0.75
0,0,890480,A,T,8,0.875
0,0,890880,TA,T,23,0.2609
0,0,892874,A,G,26,0.1538
0,0,895705,G,C,29,0.3103
0,0,896607,A,G,38,0.1579
0,0,974552,C,G,67,0.209
0,0,987731,A,G,22,0.1818
0,0,998597,A,G,13,0.1538
0,0,999176,C,G,17,0.2353
0,0,1040228,C,T,61,0.0984
0,0,1050834,A,C,19,0.3684
0,0,1051136,G,A,18,0.2222
0,0,1097118,C,A,27,0.2963
0,0,1097158,C,T,27,0.2963
0,0,1101169,A,G,32,0.25
0,0,1104428,A,G,19,0.3158
0,0,1170498,G,A,41,0.1463
0,0,1198556,C,A,5,0.2
0,0,1199095,A,T,6,0.1667
0,0,1199714,C,T,8,0.125
0,0,1199838,C,T,8,0.125
0,0,1209619,C,G,11,0.3636
0,0,1213724,T,C,12,0.25
0,0,1217688,T,C,7,0.2857
0,0,1217778,G,A,6,0.3333
0,0,1217860,C,G,5,0.4
0,0,1218113,C,T,3,0.6667
0,0,1219581,A,G,3,0.3333
0,0,1219808,G,C,4,0.25
0,0,1229981,T,C,16,0.25
0,0,1276408,T,C,28,0.1786
0,0,1276442,T,C,28,0.1429
0,0,1299569,G,C,28,0.1429
0,0,1313782,T,C,11,0.0909
0,0,1315144,G,C,17,0.2353
0,0,1315309,G,C,16,0.125
0,0,1315429,A,G,14,0.2857
0,0,1344902,A,G,29,0.1034
0,0,1410689,C,G,35,0.1429
0,0,1422546,T,C,15,0.3333
0,0,1423612,C,G,12,0.1667
0,0,1424084,C,T,7,0.2857
0,0,1435530,A,G,17,0.2353
0,0,1498184,A,T,37,0.973
0,0,1511141,A,G,38,0.3421
0,0,1527468,C,G,10,0.2
0,0,1529774,CT,C,10,0.5
0,0,1530413,A,G,7,0.2857
0,0,1531203,C,T,7,0.2857
0,0,1531942,G,C,7,0.1429
0,0,1533849,C,G,16,0.125
0,0,1545051,G,A,10,0.6
0,0,1545540,G,T,9,0.2222
0,0,1545712,C,G,8,0.25
0,0,1549719,C,G,41,0.1951
0,0,1576177,G,C,18,0.1667
0,0,1580144,G,A,3,0.3333
0,0,1583209,A,C,9,0.2222
0,0,1583535,G,A,7,0.4286
0,0,1583593,A,G,6,0.3333
0,0,1594203,T,C,47,0.234
0,0,1601300,C,T,30,0.0333
0,0,1613778,G,C,40,0.2
0,0,1637442,G,A,9,0.3333
0,0,1639069,C,T,10,0.4
0,0,1653008,G,C,18,0.1111
0,0,1658221,G,C,22,0.2273
0,0,1670751,C,T,21,0.3333
0,0,1674051,C,G,22,0.2273
0,0,1690464,G,A,46,0.3261
0,0,1700569,A,G,54,0.1852
0,0,1735363,TA,T,43,0.2093
0,0,1746278,G,A,30,0.2667
0,0,1754319,C,G,24,0.25
0,0,1756819,C,T,25,0.2
0,0,1766227,A,G,37,0.1892
0,0,1811480,A,G,18,0.1667
0,0,1812726,T,C,9,0.1111
0,0,1812925,T,C,7,0.1429
0,0,1862615,C,T,41,0.9756
0,0,1871287,T,C,13,0.3077
0,0,1901891,C,T,33,0.1515
0,0,1934784,A,G,39,0.1026
0,0,1986237,GT,G,22,0.6364
0,0,1986240,GA,G,14,1
0,0,1986242,CA,C,14,0.5714
0,0,1986253,CGAGAAATTA,C,14,0.4286
0,0,2011784,A,G,12,0.3333
0,0,2011847,A,G,12,0.3333
0,0,2053223,C,T,11,0.2727
0,0,2053458,A,G,11,0.1818
0,0,2055485,T,A,15,0.1333
0,0,2062835,C,T,33,0.1212
0,0,2103705,G,A,10,0.4
0,0,2104635,T,C,7,0.2857
0,0,2105086,G,A,4,0.5
0,0,2105134,C,T,4,0.5
0,0,2107221,G,A,4,0.25
0,0,2107415,A,G,6,0.3333
0,0,2107777,G,A,7,0.2857
0,0,2111531,A,G,25,0.28
0,0,2130416,T,C,29,0.4483
0,0,2138255,A,G,33,0.2727
0,0,2191933,A,G,13,0.2308
0,0,2227345,A,G,47,0.2553
0,0,2232724,CT,C,28,0.1786
0,0,2241222,C,G,64,0.1875
0,0,2292400,A,C,58,0.2759
0,0,2305672,C,G,40,0.225
0,0,2336752,A,G,65,0.2
0,0,2344524,C,T,17,0.2353
0,0,2365317,C,T,26,0.2308
0,0,2401495,T,C,57,0.2982
0,0,2408555,T,C,28,0.3571
0,0,2456325,C,G,16,0.1875
0,0,2467800,C,T,15,0.2667
0,0,2482990,T,C,12,0.1667
0,0,2483057,T,C,10,0.2
0,0,2483177,C,T,8,0.375
0,0,2485399,T,C,10,0.2
0,0,2487122,G,A,12,0.1667
0,0,2493498,T,C,16,0.25
0,0,2493499,G,T,16,0.25
0,0,2500986,A,G,38,0.1579
0,0,2581061,G,C,45,0.4222
0,0,2630461,G,A,25,0.12
0,0,2717348,G,C,34,0.1471
0,0,2743576,C,G,48,0.2083
0,0,2757332,C,T,25,0.24
0,0,2758654,G,A,15,0.3333
0,0,2773821,T,C,14,0.2143
0,0,2785404,T,C,7,0.1429
0,0,2786551,C,T,4,0.25
0,0,2862209,C,T,41,0.1463
0,0,2905314,A,G,11,0.2727
0,0,2905755,T,C,8,0.25
0,0,2906017,C,T,9,0.4444
0,0,2906216,C,G,9,0.2222
0,0,2935335,A,G,28,0.1786
0,0,2986941,C,G,12,0.1667
0,0,2988574,G,A,3,0.6667
0,0,2989457,C,T,4,0.25
0,0,2990137,G,A,3,0.6667
0,0,2990610,G,C,2,0.5
0,0,2990826,G,C,2,0.5
0,0,2990901,A,C,3,0.3333
0,0,2991133,C,T,2,0.5
0,0,2991237,G,C,2,0.5
0,0,2991319,C,G,2,0.5
0,0,2994738,C,G,3,0.3333
0,0,2996334,C,T,14,0.2143
0,0,3110541,C,T,47,0.234
0,0,3120020,A,G,29,0.1724
0,0,3147760,T,C,55,0.2727
0,0,3171407,C,T,17,0.2941
0,0,3186202,G,C,14,0.0714
0,0,3190290,T,G,10,0.2
0,0,3199261,A,G,53,0.283
0,0,3252474,A,G,31,0.1935
0,0,3267722,C,T,11,0.2727
0,0,3268367,G,A,10,0.5
0,0,3276458,A,G,30,0.1667
0,0,3320923,C,T,34,0.1765
0,0,3361765,C,A,15,0.0667
0,0,3424233,G,GC,52,0.9615
0,0,3424236,TC,T,52,0.9231
0,0,3466719,CT,C,20,0.2
0,0,3469482,A,C,25,0.12
0,0,3492843,C,G,18,0.1111
0,0,3494649,T,C,18,0.1667
0,0,3529815,C,T,53,0.2642
0,0,3549472,G,C,60,0.1167
0,0,3582209,A,G,12,0.3333
0,0,3582652,G,A,7,0.1429
0,0,3582738,C,G,7,0.1429
0,0,3652002,C,T,22,0.2273
0,0,3658185,G,C,20,0.1
0,0,3666929,C,G,17,0.1765
0,0,3757891,G,A,22,0.2727
0,0,3765669,A,G,30,0.3
0,0,3766547,A,T,9,0.2222
0,0,3767499,C,G,8,0.25
0,0,3768225,T,C,7,0.1429
0,0,3769581,C,T,7,0.4286
0,0,3774520,A,G,39,0.2564
0,0,3796363,A,G,16,0.25
0,0,3796878,A,G,11,0.2727
0,0,3797867,G,A,4,0.5
0,0,3798871,G,A,5,0.6
0,0,3799083,T,C,5,0.4
0,0,3800149,A,G,6,0.1667
0,0,3800223,G,A,6,0.1667
0,0,3800728,C,G,5,0.2
0,0,3839239,T,C,21,0.1429
0,0,3849794,G,GT,40,0.25
0,0,3863686,G,A,40,0.25
0,0,3889258,G,C,25,0.08
0,0,3939947,A,G,67,0.2388
0,0,4072321,T,C,38,0.2895
0,0,4092196,A,G,32,0.3125
0,0,4216026,A,G,55,0.2
0,0,4251245,T,C,17,0.1765
0,0,4260502,T,C,18,0.1111
0,0,4261154,G,A,15,0.1333
0,0,4272539,T,C,33,0.1818
0,0,4286648,C,G,37,0.2973
0,0,4296268,T,C,52,0.8269
0,0,4296269,G,A,52,0.0192
0,0,4351096,A,G,11,0.1818
0,0,4352522,C,G,9,0.2222
0,0,4353079,T,C,11,0.2727
0,0,4357841,T,C,19,0.2105
0,0,4406331,C,G,51,0.3137
0,0,4430760,C,G,37,0.3243
0,0,4437874,C,T,14,0.2857
0,0,4439586,A,G,27,0.1852
0,0,4462438,T,C,68,0.2647
0,0,4475927,A,C,12,0.1667
0,0,4477305,A,G,12,0.1667
0,0,4504187,G,A,17,0.2941
0,0,4505383,G,A,14,0.3571
0,0,4539739,A,T,8,0.25
0,0,4539745,C,T,8,0.375
0,0,4556192,G,A,13,0.1538
0,0,4576687,G,T,18,0.1667
0,0,4579353,C,G,12,0.3333
0,0,4592077,C,G,41,0.2195
0,0,4606924,T,C,42,0.1429
11,1,28673,G,A,55,0.3091
11,1,65954,GA,G,70,0.1857
11,1,68968,G,T,57,0.5263
11,1,68970,T,G,57,0.4386
11,1,68986,G,GC,57,0.4211
11,1,69167,A,T,57,0.5439
11,1,69170,G,T,57,0.5439
11,1,69178,TTA,T,57,0.5088
11,1,69700,C,G,57,0.7368
11,1,69705,A,T,57,0.7193
11,1,70007,C,A,57,0.7018
11,1,70009,C,T,57,0.7018
11,1,70012,A,G,57,0.7368
11,1,70013,ATC,A,57,0.7368
11,1,70025,AT,A,57,0.8421
11,1,70027,C,G,57,0.8596
11,1,70044,G,GA,58,0.931
11,1,70048,T,TG,74,0.973
11,1,237960,G,C,35,0.1429
11,1,364749,C,T,96,0.9688
11,1,364750,C,T,96,0.9792
11,1,563437,T,C,39,0.3077
11,1,689879,T,C,87,0.2414
11,1,734931,A,G,22,0.1818
11,1,890479,G,GGC,41,0.9756
11,1,890480,A,T,41,0.9756
11,1,1050834,A,C,40,0.225
11,1,1097118,C,A,65,0.2
11,1,1097158,C,T,65,0.2769
11,1,1213475,A,G,24,0.2083
11,1,1215968,G,A,16,0.125
11,1,1216458,A,G,13,0.1538
11,1,1498184,A,T,68,0.9706
11,1,1498514,GT,G,73,0.2329
11,1,1525832,A,T,58,0.0172
11,1,1544792,G,C,21,0.0952
11,1,1700569,A,G,74,0.1486
11,1,1728463,T,C,76,0.2763
11,1,1746278,G,A,56,0.2857
11,1,1754319,C,G,36,0.25
11,1,1862615,C,T,94,0.9574
11,1,1905218,G,A,35,0.2286
11,1,1986237,GT,G,33,0.8788
11,1,1986240,GA,G,29,0.8621
11,1,1986242,CA,C,29,0.8276
11,1,1986246,G,GCA,29,0.8276
11,1,1986261,T,G,29,0.8966
11,1,1986263,A,G,29,0.931
11,1,1986264,T,C,29,0.931
11,1,1986266,C,A,29,0.931
11,1,1986267,T,G,29,0.931
11,1,1986270,A,G,29,0.931
11,1,1986271,T,TA,29,0.931
11,1,1986273,G,A,29,0.931
11,1,1986274,G,C,29,0.931
11,1,1986276,G,T,29,0.931
11,1,1986279,C,G,29,0.8966
11,1,1986287,CA,C,29,0.931
11,1,1986288,A,G,29,0.0345
11,1,1986290,CG,C,29,0.931
11,1,1986294,G,T,29,0.8966
11,1,1986296,A,G,29,0.8966
11,1,1986300,C,CT,29,0.8276
11,1,1986305,A,C,29,0.8966
11,1,1986312,G,T,29,0.931
11,1,1986337,AAG,A,29,0.7931
11,1,1986342,AAAGCCAATTTGTCAG,A,29,0.6207
11,1,1986359,CAAAT,C,29,0.6552
11,1,1986370,AT,A,29,0.6207
11,1,1986378,CAGATTAA,C,29,0.5862
11,1,1986401,TGGAAATCCTTGTTGTCTTTGGTACCCATGCGGGATGTCTTCTTTTTA,T,29,0.6552
11,1,2103705,G,A,27,0.2593
11,1,2132893,CT,C,61,0.2131
11,1,2238816,G,A,75,0.3867
11,1,2241222,C,G,76,0.1711
11,1,2401495,T,C,81,0.2346
11,1,2581061,G,C,102,0.3627
11,1,2758654,G,A,38,0.2368
11,1,2784564,C,T,31,0.2903
11,1,2786478,C,T,14,0.2143
11,1,2959183,A,G,91,0.2198
11,1,2991886,A,G,12,0.0833
11,1,2994739,A,G,11,0.1818
11,1,2994742,A,G,11,0.1818
11,1,3267901,A,G,19,0.3158
11,1,3424233,G,GC,77,0.974
11,1,3424236,TC,T,76,0.9868
11,1,3582213,G,A,26,0.2308
11,1,3767499,C,G,28,0.1429
11,1,3769581,C,T,24,0.2083
11,1,3849794,G,GT,87,0.2184
11,1,4032832,T,C,93,0.2581
11,1,4243748,A,G,76,0.2368
11,1,4286648,C,G,72,0.2222
11,1,4296268,T,C,80,0.875
11,1,4406331,C,G,72,0.2361
11,1,4476679,G,A,23,0.3043
11,2,65954,GA,G,91,0.2308
11,2,68970,T,G,75,0.28
11,2,69170,G,T,75,0.4667
11,2,69700,C,G,75,0.72
11,2,69705,A,T,75,0.7067
11,2,70007,C,A,75,0.6533
11,2,70009,C,T,75,0.6533
11,2,70013,ATC,A,75,0.6667
11,2,70025,AT,A,75,0.84
11,2,70027,C,G,75,0.8533
11,2,70031,GCC,G,75,0.8933
11,2,70040,A,AT,75,0.9067
11,2,70044,G,GA,75,0.96
11,2,70048,T,TG,86,0.9884
11,2,312315,A,G,32,0.1562
11,2,364749,C,T,110,0.9909
11,2,364750,C,T,110,0.9818
11,2,570434,G,A,25,0.28
11,2,689879,T,C,120,0.225
11,2,890118,A,G,94,0.1596
11,2,890473,CA,C,50,0.94
11,2,890479,G,GGC,50,0.94
11,2,890480,A,T,50,0.94
11,2,896607,A,G,89,0.1573
11,2,1209619,C,G,34,0.2647
11,2,1498184,A,T,87,0.977
11,2,1498514,GT,G,94,0.2553
11,2,1525832,A,G,52,0.2308
11,2,1530536,G,A,22,0.1364
11,2,1549719,C,G,79,0.1899
11,2,1700569,A,G,127,0.1339
11,2,1706100,A,G,91,0.1429
11,2,1754319,C,G,44,0.25
11,2,1862615,C,T,92,0.9891
11,2,1873030,G,C,70,0.0429
11,2,1964854,T,C,83,0.2651
11,2,1986237,GT,G,48,0.7708
11,2,1986240,GA,G,41,0.878
11,2,1986242,CA,C,41,0.6585
11,2,1986294,G,T,41,0.7317
11,2,1986342,AAAGCCAATTTGTCAG,A,41,0.4878
11,2,1986401,TGGAAATCCTTGTTGTCTTTGGTACCCATGCGGGATGTCTTCTTTTTA,T,41,0.5854
11,2,2107780,C,T,21,0.381
11,2,2158130,A,G,113,0.1681
11,2,2401495,T,C,100,0.27
11,2,2431974,GT,G,95,0.2211
11,2,2581061,G,C,92,0.413
11,2,2786478,C,T,23,0.1304
11,2,2862346,T,C,91,0.1319
11,2,2884186,C,G,41,0.3171
11,2,2959183,A,G,116,0.1983
11,2,2992358,C,T,18,0.2778
11,2,2993862,T,C,15,0.2
11,2,2994978,G,A,15,0.2
11,2,3111289,CA,C,98,0.1735
11,2,3267901,A,G,31,0.2258
11,2,3271612,A,G,53,0.2075
11,2,3424233,G,GC,106,0.9811
11,2,3424236,TC,T,106,0.9811
11,2,3529815,C,T,78,0.1538
11,2,3623989,C,T,34,0.2353
11,2,3765669,A,G,39,0.3077
11,2,3768427,C,T,25,0.2
11,2,3797240,C,G,18,0.1111
11,2,3798301,C,A,16,0.125
11,2,3799153,C,T,16,0.125
11,2,3800557,C,G,12,0.1667
11,2,3800599,C,T,13,0.1538
11,2,3802489,A,C,10,0.2
11,2,3849794,G,GT,104,0.2019
11,2,4002022,C,G,50,0.24
11,2,4092196,A,G,64,0.2031
11,2,4286648,C,G,91,0.2308
11,2,4296268,T,C,94,0.9255
11,2,4476679,G,A,24,0.2083
11,2,4504187,G,A,34,0.2647
11,3,65954,GA,G,90,0.1889
11,3,68968,G,T,67,0.4925
11,3,68970,T,G,67,0.4328
11,3,68975,GGCGGCA,G,67,0.4179
11,3,69167,A,T,67,0.597
11,3,69170,G,T,67,0.5821
11,3,69178,TTA,T,67,0.5672
11,3,69182,C,T,67,0.5672
11,3,69695,C,G,67,0.7015
11,3,69700,C,G,67,0.7164
11,3,69705,A,T,67,0.7164
11,3,70007,C,A,67,0.7164
11,3,70009,C,T,67,0.7164
11,3,70012,A,G,67,0.7463
11,3,70013,ATC,A,67,0.7612
11,3,70025,AT,A,67,0.8507
11,3,70026,T,G,67,0.0149
11,3,70027,C,G,67,0.8507
11,3,70031,GCC,G,67,0.9104
11,3,70038,G,T,67,0.0299
11,3,70040,A,AT,67,0.9552
11,3,70043,C,G,68,0.9265
11,3,70044,G,GA,68,0.9412
11,3,70048,T,TG,81,0.9877
11,3,157585,C,T,17,0.2353
11,3,237960,G,C,19,0.1053
11,3,321473,T,C,21,0.2857
11,3,364749,C,T,78,0.9872
11,3,364750,C,T,78,0.9615
11,3,558076,T,C,19,0.1053
11,3,558455,G,A,21,0.2857
11,3,571486,C,T,15,0.4
11,3,736411,G,A,11,0.1818
11,3,737316,TA,T,15,0.2
11,3,890462,AGT,A,57,0.5439
11,3,890469,C,CAATA,33,0.9091
11,3,890479,G,GGC,33,0.9394
11,3,890480,A,T,33,0.9394
11,3,1000887,CT,C,52,0.1731
11,3,1097118,C,A,42,0.1905
11,3,1097158,C,T,40,0.2
11,3,1207789,C,G,39,0.2051
11,3,1209619,C,G,29,0.3103
11,3,1215683,G,A,10,0.1
11,3,1219147,C,T,7,0.1429
11,3,1424290,G,A,17,0.1765
11,3,1498184,A,T,87,0.9885
11,3,1511141,A,G,99,0.3333
11,3,1533821,G,C,20,0.2
11,3,1583535,G,A,17,0.2353
11,3,1594124,G,GC,90,0.1667
11,3,1641261,C,T,27,0.2222
11,3,1641262,C,G,27,0.2963
11,3,1754319,C,G,40,0.2
11,3,1862615,C,T,85,0.9529
11,3,1986237,GT,G,29,0.6897
11,3,1986240,GA,G,23,0.8696
11,3,1986242,CA,C,23,0.8261
11,3,1986291,G,T,23,0.0435
11,3,1986294,G,T,23,0.7391
11,3,1986359,CAAAT,C,23,0.4783
11,3,1986388,CATAAGATT,C,23,0.4783
11,3,1986401,TGGAAATCCTTGTTGTCTTTGGTACCCATGCGGGATGTCTTCTTTTTA,T,23,0.5217
11,3,1996218,T,C,48,0.25
11,3,2106774,G,T,5,0.4
11,3,2107633,T,C,10,0.3
11,3,2108008,C,T,12,0.5
11,3,2401495,T,C,66,0.3182
11,3,2431974,GT,G,100,0.29
11,3,2462880,TC,T,32,0.3125
11,3,2484330,G,C,17,0.2353
11,3,2484334,C,A,17,0.2353
11,3,2496515,C,G,40,0.275
11,3,2774833,C,A,18,0.2222
11,3,2783799,G,A,19,0.2105
11,3,2785582,AC,A,8,0.125
11,3,2785583,C,T,8,0.125
11,3,2786170,T,C,10,0.1
11,3,2884186,C,G,26,0.2692
11,3,2988545,A,G,8,0.25
11,3,2992057,G,C,4,0.25
11,3,2992114,C,G,4,0.25
11,3,2995736,C,T,12,0.3333
11,3,3267901,A,G,18,0.3889
11,3,3268212,C,G,15,0.1333
11,3,3268367,G,A,15,0.2667
11,3,3350586,GA,G,71,0.169
11,3,3399021,G,C,115,0.113
11,3,3424233,G,GC,89,0.9663
11,3,3424236,TC,T,89,0.9775
11,3,3633009,T,C,12,0.1667
11,3,3796132,G,C,31,0.2903
11,3,3799150,G,A,7,0.4286
11,3,3800529,T,C,5,0.2
11,3,3801627,G,A,9,0.4444
11,3,4002022,C,G,37,0.3514
11,3,4036679,CA,C,90,0.1778
11,3,4296268,T,C,75,0.84
11,3,4296269,G,A,75,0.0133
11,3,4308256,G,C,70,0.2143
11,3,4351143,G,C,20,0.3
11,3,4361832,C,T,23,0.3043
11,3,4430760,C,G,64,0.25
11,3,4476178,G,A,14,0.2143
11,3,4476679,G,A,14,0.3571
11,3,4476682,C,G,14,0.2143
11,3,4504187,G,A,18,0.1667
11,3,4504717,C,T,17,0.1765
11,3,4505481,C,T,21,0.1429
11,3,4540310,T,C,9,0.1111
167,1,65954,GA,G,79,0.1013
167,1,68968,G,T,56,0.5
167,1,68970,T,G,56,0.4821
167,1,68975,GGCGGCA,G,56,0.4643
167,1,68986,G,GC,56,0.4643
167,1,69167,A,T,56,0.6607
167,1,69170,G,T,56,0.6607
167,1,69178,TTA,T,56,0.6429
167,1,69695,C,G,56,0.6964
167,1,69700,C,G,56,0.6786
167,1,69705,A,T,56,0.6786
167,1,70007,C,A,56,0.6964
167,1,70009,C,T,56,0.6964
167,1,70012,A,G,56,0.7143
167,1,70013,ATC,A,56,0.7143
167,1,70025,AT,A,56,0.8214
167,1,70027,C,G,56,0.8214
167,1,70040,A,AT,56,0.9286
167,1,70043,C,G,56,0.9464
167,1,70044,G,GA,56,0.9464
167,1,70048,T,TG,77,0.9351
167,1,312289,A,T,26,0.1538
167,1,364749,C,T,88,0.9659
167,1,364750,C,T,88,0.9659
167,1,481156,C,G,24,0.2083
167,1,522283,T,C,58,0.4828
167,1,528409,G,A,19,0.1579
167,1,570434,G,A,14,0.2143
167,1,584645,C,G,13,0.1538
167,1,659954,A,G,67,0.2537
167,1,684282,T,A,111,0.1622
167,1,735731,C,T,31,0.1613
167,1,890479,G,GGC,28,0.8571
167,1,890480,A,T,28,0.8929
167,1,1498184,A,T,98,0.9898
167,1,1637925,T,C,10,0.1
167,1,1641261,C,T,21,0.2381
167,1,1641262,C,G,21,0.2857
167,1,1741177,A,T,71,0.5493
167,1,1754319,C,G,36,0.5
167,1,1813293,G,GA,31,0.1935
167,1,1862615,C,T,102,0.9706
167,1,1986237,GT,G,42,0.8333
167,1,1986240,GA,G,35,1
167,1,1986242,CA,C,35,0.9143
167,1,1986246,G,GCA,35,0.8857
167,1,1986261,T,G,35,0.9143
167,1,1986263,A,G,35,0.9143
167,1,1986264,T,C,35,0.9143
167,1,1986266,C,A,35,0.9143
167,1,1986267,T,G,35,0.9143
167,1,1986270,A,G,35,0.9143
167,1,1986271,T,TA,35,0.9143
167,1,1986287,CA,C,35,0.9143
167,1,1986290,CG,C,35,0.9143
167,1,1986294,G,T,35,0.8857
167,1,1986299,A,C,35,0.8571
167,1,1986305,A,C,35,0.8571
167,1,1986308,AC,A,35,0.8857
167,1,1986334,C,T,35,0.8286
167,1,1986337,AAG,A,35,0.7714
167,1,1986342,AAAGCCAATTTGTCAG,A,35,0.6
167,1,1986359,CAAAT,C,35,0.6
167,1,1986370,AT,A,35,0.7143
167,1,1986378,CAGATTAA,C,35,0.6857
167,1,1986388,CATAAGATT,C,35,0.7143
167,1,1986401,TGGAAATCCTTGTTGTCTTTGGTACCCATGCGGGATGTCTTCTTTTTA,T,35,0.7143
167,1,2055053,A,T,59,0.2203
167,1,2103705,G,A,16,0.25
167,1,2107780,C,T,18,0.1667
167,1,2238816,G,A,81,0.3704
167,1,2496515,C,G,57,0.2632
167,1,2581061,G,C,94,0.3085
167,1,2730005,CT,C,98,0.1531
167,1,2758390,C,G,28,0.2857
167,1,2758654,G,A,28,0.25
167,1,2786610,G,A,14,0.1429
167,1,2904409,C,T,30,0.2
167,1,2990137,G,A,14,0.2143
167,1,2993102,G,A,14,0.2143
167,1,2995511,C,T,13,0.3077
167,1,3267889,T,C,15,0.1333
167,1,3268868,G,A,18,0.2222
167,1,3424233,G,GC,81,0.9877
167,1,3424236,TC,T,81,0.9877
167,1,3634239,G,T,22,0.1818
167,1,3769603,C,G,15,0.1333
167,1,3798758,A,T,8,0.375
167,1,3801423,C,T,8,0.125
167,1,3801428,C,G,8,0.125
167,1,3801807,C,G,11,0.0909
167,1,4294132,T,C,67,0.2239
167,1,4296268,T,C,80,0.8125
167,1,4296380,A,ACG,80,0.1875
167,1,4308256,G,C,67,0.194
167,1,4406331,C,G,82,0.2561
167,1,4419466,CT,C,59,0.1864
167,1,4430760,C,G,65,0.2615
167,1,4504717,C,T,33,0.3333
167,1,4505481,C,T,31,0.3871
167,2,28673,G,A,48,0.3542
167,2,65954,GA,G,81,0.1358
167,2,68970,T,G,61,0.4262
167,2,68975,GGCGGCA,G,61,0.4098
167,2,68986,G,GC,61,0.4098
167,2,69170,G,T,61,0.6066
167,2,69700,C,G,61,0.6557
167,2,69705,A,T,61,0.6393
167,2,70013,ATC,A,61,0.623
167,2,70025,AT,A,61,0.7705
167,2,70027,C,G,61,0.7869
167,2,70031,GCC,G,61,0.8361
167,2,70043,C,G,61,0.918
167,2,70044,G,GA,61,0.918
167,2,70048,T,TG,71,0.9577
167,2,320274,G,A,11,0.1818
167,2,320490,C,A,11,0.3636
167,2,332653,A,C,17,0.1765
167,2,364749,C,T,84,0.9881
167,2,364750,C,T,84,0.9762
167,2,418171,A,G,74,0.2297
167,2,563437,T,C,14,0.2143
167,2,564532,A,T,22,0.2273
167,2,570434,G,A,7,0.4286
167,2,571486,C,T,6,0.5
167,2,579156,T,C,11,0.2727
167,2,579519,C,T,12,0.1667
167,2,584063,C,G,9,0.1111
167,2,636425,C,G,23,0.2174
167,2,689879,T,C,88,0.2614
167,2,890462,AGT,A,47,0.5957
167,2,890467,A,C,28,1
167,2,890469,C,CAATA,28,1
167,2,890479,G,GGC,28,0.9286
167,2,890480,A,T,28,1
167,2,1065155,C,T,23,0.1739
167,2,1097158,C,T,37,0.2162
167,2,1207789,C,G,54,0.2407
167,2,1209619,C,G,15,0.6667
167,2,1213475,A,G,15,0.2667
167,2,1219203,CT,C,12,0.3333
167,2,1285122,A,G,86,0.186
167,2,1437819,A,G,37,0.2162
167,2,1491943,G,C,42,0.1667
167,2,1498184,A,T,61,1
167,2,1498514,GT,G,63,0.2857
167,2,1531680,G,A,13,0.3077
167,2,1545051,G,T,14,0.2143
167,2,1580443,C,T,18,0.3333
167,2,1584402,A,G,14,0.1429
167,2,1631494,C,G,25,0.12
167,2,1638529,C,G,12,0.0833
167,2,1640007,A,G,15,0.1333
167,2,1640632,C,T,16,0.1875
167,2,1754319,C,G,21,0.2381
167,2,1755321,G,T,17,0.1765
167,2,1766715,T,C,78,0.1026
167,2,1862615,C,T,81,0.963
167,2,1871287,T,C,21,0.2381
167,2,1986237,GT,G,32,0.75
167,2,1986240,GA,G,26,0.8846
167,2,1986242,CA,C,26,0.6923
167,2,1986294,G,T,26,0.6538
167,2,1986359,CAAAT,C,26,0.4615
167,2,1986388,CATAAGATT,C,26,0.5
167,2,1986401,TGGAAATCCTTGTTGTCTTTGGTACCCATGCGGGATGTCTTCTTTTTA,T,26,0.5
167,2,2040792,A,G,26,0.1538
167,2,2056498,G,C,17,0.2353
167,2,2056848,G,A,17,0.2353
167,2,2103098,C,G,5,0.4
167,2,2103507,C,G,5,0.2
167,2,2106102,G,C,4,0.25
167,2,2106147,G,A,5,0.2
167,2,2107076,G,C,3,0.3333
167,2,2108014,C,T,2,0.5
167,2,2108967,T,C,6,0.1667
167,2,2138253,A,G,34,0.2353
167,2,2344312,C,A,9,0.2222
167,2,2344946,T,C,18,0.1111
167,2,2386702,G,A,10,0.1
167,2,2431974,GT,G,113,0.3363
167,2,2468575,C,T,14,0.2857
167,2,2468677,A,G,14,0.1429
167,2,2470047,A,G,11,0.0909
167,2,2482529,G,A,12,0.1667
167,2,2581061,G,C,87,0.3563
167,2,2759803,A,G,17,0.1176
167,2,2784564,C,T,11,0.2727
167,2,2987124,T,A,16,0.3125
167,2,2987447,TC,T,11,0.5455
167,2,2988466,G,A,12,0.1667
167,2,2988528,C,T,10,0.1
167,2,2989560,A,G,9,0.2222
167,2,2989700,A,G,9,0.2222
167,2,2990389,G,A,6,0.3333
167,2,2995736,C,T,11,0.2727
167,2,2998251,G,A,32,0.1875
167,2,3188577,A,G,17,0.1765
167,2,3192226,T,G,18,0.2778
167,2,3267901,A,G,11,0.2727
167,2,3268212,C,G,14,0.1429
167,2,3284403,A,G,24,0.1667
167,2,3361031,C,T,10,0.1
167,2,3424233,G,GC,67,0.9701
167,2,3424236,TC,T,66,0.9848
167,2,3623989,C,T,14,0.4286
167,2,3652743,G,A,11,0.1818
167,2,3653444,C,G,9,0.1111
167,2,3654111,C,G,12,0.1667
167,2,3657497,T,C,17,0.2941
167,2,3768427,C,T,7,0.5714
167,2,3769581,C,T,12,0.25
167,2,3794686,A,G,16,0.1875
167,2,3798463,T,C,5,0.4
167,2,3799203,G,C,8,0.25
167,2,3800796,A,G,8,0.25
167,2,3802470,G,C,7,0.2857
167,2,3887394,T,C,40,0.125
167,2,4002022,C,G,33,0.2727
167,2,4269171,C,G,22,0.1818
167,2,4283442,A,G,21,0.0952
167,2,4286648,C,G,51,0.2941
167,2,4296268,T,C,74,0.9189
167,2,4413038,A,G,52,0.25
167,2,4438683,T,C,17,0.2353
167,2,4476178,G,A,9,0.2222
167,2,4476679,G,A,8,0.25
167,2,4476682,C,A,8,0.125
167,2,4542294,G,A,13,0.2308
167,2,4542432,G,T,11,0.2727
167,3,10529,A,G,39,0.1026
167,3,65954,GA,G,59,0.2034
167,3,68968,G,T,45,0.5111
167,3,68970,T,G,45,0.4667
167,3,68986,G,GC,45,0.4444
167,3,69167,A,T,45,0.6
167,3,69170,G,T,45,0.6
167,3,69178,TTA,T,45,0.5778
167,3,69182,C,T,45,0.6
167,3,69695,C,G,45,0.8
167,3,69700,C,G,45,0.8
167,3,69705,A,T,45,0.7778
167,3,70007,C,A,45,0.7556
167,3,70009,C,T,45,0.7778
167,3,70012,A,G,45,0.7778
167,3,70013,ATC,A,45,0.7778
167,3,70025,AT,A,45,0.9556
167,3,70027,C,G,45,0.9556
167,3,70031,GCC,G,45,0.9333
167,3,70044,G,GA,45,0.9556
167,3,70048,T,TG,55,0.9818
167,3,236297,C,G,24,0.125
167,3,312650,G,C,15,0.1333
167,3,320493,C,CG,28,0.1786
167,3,364749,C,T,93,0.9892
167,3,364750,C,T,93,0.9677
167,3,563437,T,C,30,0.2667
167,3,569556,G,T,11,0.0909
167,3,569559,C,A,11,0.1818
167,3,576540,CT,C,33,0.1818
167,3,689879,T,C,101,0.2475
167,3,890467,A,C,31,0.9677
167,3,890469,C,CAATA,31,0.9355
167,3,890479,G,GGC,31,0.9677
167,3,890480,A,T,32,0.9375
167,3,1097158,C,T,63,0.2857
167,3,1119594,G,C,29,0.1724
167,3,1190853,C,G,62,0.1935
167,3,1214121,A,G,13,0.1538
167,3,1214818,T,C,12,0.1667
167,3,1215823,G,A,13,0.2308
167,3,1215968,G,T,13,0.1538
167,3,1217284,G,C,15,0.2
167,3,1218941,C,T,16,0.125
167,3,1498184,A,T,67,0.9701
167,3,1498514,GT,G,67,0.3284
167,3,1545051,G,A,20,0.35
167,3,1549719,C,G,64,0.2188
167,3,1582322,A,G,24,0.125
167,3,1582323,G,A,24,0.125
167,3,1640174,G,T,11,0.1818
167,3,1746278,G,A,50,0.28
167,3,1754319,C,G,35,0.4286
167,3,1862615,C,T,81,0.9877
167,3,1965880,G,C,59,0.1695
167,3,1986240,GA,G,23,0.913
167,3,1986242,CA,C,23,0.7826
167,3,1986246,G,GCA,23,0.7826
167,3,1986261,T,G,23,0.7826
167,3,1986294,G,T,23,0.8696
167,3,1986334,C,T,23,0.8261
167,3,1986337,AAG,A,23,0.8261
167,3,1986342,AAAGCCAATTTGTCAG,A,23,0.7826
167,3,1986359,CAAAT,C,23,0.7826
167,3,1986370,AT,A,23,0.7826
167,3,1986372,GCA,G,23,0.7826
167,3,1986378,CAGATTAA,C,23,0.7826
167,3,1986388,CATAAGATT,C,23,0.7826
167,3,1986401,TGGAAATCCTTGTTGTCTTTGGTACCCATGCGGGATGTCTTCTTTTTA,T,23,0.7391
167,3,2107777,G,A,8,0.375
167,3,2130416,T,C,72,0.3194
167,3,2227345,A,G,78,0.2051
167,3,2241222,C,G,75,0.2
167,3,2401495,T,C,76,0.2632
167,3,2431974,GT,G,88,0.3182
167,3,2537947,GA,G,65,0.2
167,3,2581061,G,C,68,0.3676
167,3,2758654,G,A,18,0.2222
167,3,2785015,C,T,11,0.1818
167,3,2785147,A,G,12,0.4167
167,3,2787054,C,A,14,0.1429
167,3,2884186,C,G,29,0.3103
167,3,2904771,T,C,10,0.2
167,3,3181068,A,G,54,0.1296
167,3,3267722,C,T,18,0.1667
167,3,3267901,A,G,18,0.1667
167,3,3361031,C,T,17,0.2941
167,3,3424233,G,GC,73,0.9863
167,3,3424236,TC,T,73,0.9726
167,3,3623989,C,T,22,0.2273
167,3,3634243,A,G,12,0.0833
167,3,3765669,A,G,31,0.3226
167,3,3769581,C,T,26,0.2308
167,3,3800344,G,A,10,0.3
167,3,3802612,A,C,8,0.125
167,3,3803328,C,G,11,0.1818
167,3,3803441,C,G,10,0.2
167,3,4286648,C,G,65,0.2308
167,3,4296268,T,C,77,0.8701
167,3,4296269,G,A,77,0.026
167,3,4406331,C,G,68,0.25
167,3,4430760,C,G,44,0.1818
167,3,4476178,G,A,19,0.4211
167,3,4503356,A,G,25,0.24
167,3,4504187,G,A,19,0.4211
167,3,4505383,G,A,27,0.1852
167,3,4505481,C,T,29,0.1724
167,3,4541462,A,G,13,0.2308
167,3,4542160,A,C,15,0.2
190,1,65954,GA,G,87,0.1839
190,1,68968,G,T,77,0.4935
190,1,68970,T,G,77,0.4286
190,1,68986,G,GC,77,0.4286
190,1,69167,A,T,77,0.5065
190,1,69170,G,T,77,0.5065
190,1,69178,TTA,T,77,0.5065
190,1,69182,C,T,77,0.5065
190,1,69695,C,G,77,0.7143
190,1,69700,C,G,77,0.7143
190,1,69705,A,T,77,0.6753
190,1,70007,C,A,77,0.6494
190,1,70009,C,T,77,0.6494
190,1,70013,ATC,A,77,0.6494
190,1,70025,AT,A,77,0.7922
190,1,70026,T,A,77,0.013
190,1,70027,C,G,77,0.8052
190,1,70031,GCC,G,77,0.9091
190,1,70040,A,AT,77,0.987
190,1,70044,G,GA,77,0.987
190,1,70048,T,TG,94,0.9894
190,1,364749,C,T,118,0.9915
190,1,364750,C,T,118,0.9746
190,1,521119,G,A,105,0.2286
190,1,570434,G,A,43,0.1628
190,1,730239,A,G,77,0.2597
190,1,890480,A,T,67,1
190,1,974365,GA,G,127,0.1654
190,1,1097158,C,T,110,0.2273
190,1,1213475,A,G,41,0.1707
190,1,1339139,C,T,106,0.1604
190,1,1498184,A,T,128,0.9766
190,1,1498514,GT,G,132,0.1894
190,1,1511141,A,G,118,0.2797
190,1,1525832,A,G,59,0.1864
190,1,1632710,C,T,58,0.4483
190,1,1659475,G,A,105,0.2095
190,1,1746278,G,A,61,0.3115
190,1,1754319,C,G,68,0.25
190,1,1862615,C,T,114,0.9211
190,1,1916647,C,G,113,0.1593
190,1,1986237,GT,G,94,0.9149
190,1,1986242,CA,C,90,0.7778
190,1,1986246,G,GCA,90,0.7667
190,1,1986249,T,G,90,0.7667
190,1,1986287,CA,C,90,0.7444
190,1,1986290,CG,C,90,0.7556
190,1,1986294,G,T,90,0.7667
190,1,1986296,A,G,90,0.7667
190,1,1986299,A,C,90,0.7889
190,1,1986300,C,T,90,0.0111
190,1,1986304,G,C,90,0.7889
190,1,1986308,AC,A,90,0.7889
190,1,1986312,G,T,90,0.7889
190,1,1986323,GCGGGA,G,90,0.6444
190,1,1986332,GA,G,90,0.6667
190,1,1986334,C,T,90,0.6667
190,1,1986359,CAAAT,C,90,0.5444
190,1,1986370,AT,A,90,0.6333
190,1,1986378,CAGATTAA,C,90,0.6
190,1,1986388,CATAAGATT,C,90,0.6444
190,1,1986401,TGGAAATCCTTGTTGTCTTTGGTACCCATGCGGGATGTCTTCTTTTTA,T,90,0.6556
190,1,2103705,G,A,35,0.2286
190,1,2103708,C,T,35,0.1714
190,1,2107780,C,T,36,0.1944
190,1,2130416,T,C,128,0.3047
190,1,2241222,C,G,133,0.2105
190,1,2401495,T,C,121,0.2314
190,1,2555285,G,A,137,0.4672
190,1,2557310,C,T,127,0.4567
190,1,2581061,G,C,105,0.2952
190,1,2712038,G,A,126,0.1508
190,1,3267901,A,G,55,0.1273
190,1,3350586,GA,G,133,0.2406
190,1,3424233,G,GC,124,0.9516
190,1,3424236,TC,T,124,0.9435
190,1,3579115,A,G,87,0.2184
190,1,3765669,A,G,90,0.2444
190,1,3769581,C,T,53,0.1698
190,1,3904655,T,C,116,0.2931
190,1,3936883,G,C,143,0.0979
190,1,4002022,C,G,77,0.1948
190,1,4094099,G,C,102,0.098
190,1,4243748,A,G,124,0.2581
190,1,4286648,C,G,108,0.287
190,1,4296268,T,C,113,0.8938
190,1,4296269,GCC,G,113,0.0088
190,1,4308256,G,C,98,0.2041
190,1,4476682,C,G,46,0.1304
190,2,10051,T,C,270,0.0815
190,2,65954,GA,G,397,0.1511
190,2,65973,A,G,306,0.0098
190,2,66165,G,T,306,0.0033
190,2,66206,G,T,306,0.0033
190,2,66209,G,A,306,0.0033
190,2,66368,G,T,306,0.0033
190,2,66525,A,G,306,0.0065
190,2,66529,G,T,306,0.0033
190,2,66538,G,T,306,0.0033
190,2,66716,G,T,306,0.0033
190,2,66739,G,T,306,0.0033
190,2,66740,A,T,306,0.0033
190,2,66757,G,T,306,0.0033
190,2,66758,G,T,306,0.0033
190,2,66773,G,A,306,0.0033
190,2,66775,G,T,306,0.0033
190,2,66795,G,T,306,0.0033
190,2,66801,G,T,306,0.0065
190,2,66816,A,C,306,0.0033
190,2,66991,G,C,306,0.0033
190,2,67010,A,T,306,0.0033
190,2,67023,A,T,306,0.0065
190,2,67025,G,T,306,0.0033
190,2,67044,G,T,306,0.0033
190,2,67058,G,T,306,0.0033
190,2,67074,G,C,306,0.0033
190,2,67105,G,T,306,0.0033
190,2,67125,G,T,306,0.0033
190,2,67175,G,C,306,0.0033
190,2,67190,A,C,306,0.0033
190,2,67237,G,T,306,0.0065
190,2,67438,A,C,306,0.0033
190,2,67443,G,T,306,0.0033
190,2,67455,G,T,306,0.0033
190,2,67514,A,T,306,0.0131
190,2,67655,G,A,306,0.0033
190,2,67818,G,A,306,0.0033
190,2,67831,A,G,306,0.0033
190,2,67847,A,T,306,0.0033
190,2,67852,G,A,306,0.0033
190,2,67854,A,T,306,0.0033
190,2,67855,G,T,306,0.0033
190,2,67858,G,T,306,0.0033
190,2,68057,G,T,306,0.0033
190,2,68327,A,G,306,0.0033
190,2,68440,G,T,306,0.0033
190,2,68441,A,G,306,0.0033
190,2,68528,G,T,306,0.0033
190,2,68776,G,T,306,0.0033
190,2,68783,G,T,306,0.0098
190,2,68804,G,T,306,0.0033
190,2,68968,G,T,306,0.4379
190,2,68970,T,G,306,0.4052
190,2,68975,GGCGGCA,G,306,0.3954
190,2,68986,G,GC,306,0.3954
190,2,69063,A,G,306,0.0033
190,2,69167,A,T,306,0.5752
190,2,69170,G,T,306,0.5686
190,2,69178,TTA,T,306,0.549
190,2,69184,G,T,306,0.0033
190,2,69244,A,G,306,0.0033
190,2,69279,G,T,306,0.0033
190,2,69326,G,A,306,0.0163
190,2,69396,G,A,306,0.0033
190,2,69596,A,C,306,0.0033
190,2,69695,C,G,306,0.683
190,2,69700,C,G,306,0.6863
190,2,69705,A,T,306,0.6732
190,2,69708,GC,G,306,0.0033
190,2,69867,A,T,306,0.0065
190,2,69912,G,A,306,0.0033
190,2,69998,C,G,306,0.0065
190,2,70007,C,A,306,0.683
190,2,70009,C,T,306,0.6863
190,2,70012,A,G,306,0.7059
190,2,70013,ATC,A,306,0.7059
190,2,70025,AT,A,306,0.8235
190,2,70027,C,G,306,0.8497
190,2,70031,GCC,G,306,0.8758
190,2,70037,TG,T,306,0.9248
190,2,70043,C,G,307,0.9414
190,2,70044,G,GA,307,0.9414
190,2,70048,T,TG,392,0.9719
190,2,140370,A,G,507,0.1045
190,2,237578,C,T,221,0.3303
190,2,250724,C,T,461,0.3709
190,2,320955,C,T,250,0.128
190,2,364749,C,T,481,0.9834
190,2,364750,C,T,481,0.9751
190,2,373332,C,T,508,0.5315
190,2,437138,C,T,513,0.5068
190,2,505166,A,G,483,0.2505
190,2,890464,T,C,196,0.0153
190,2,890467,A,C,196,0.9592
190,2,890469,C,CAATA,196,0.9745
190,2,890479,G,GGC,196,0.9388
190,2,1097158,C,T,429,0.2098
190,2,1498184,A,T,460,0.9848
190,2,1498514,GT,G,461,0.2603
190,2,1525832,A,G,317,0.2145
190,2,1602770,C,T,464,0.319
190,2,1746278,G,A,256,0.2734
190,2,1862615,C,T,473,0.9471
190,2,1978503,G,T,129,0.0078
190,2,1986237,GT,G,279,0.7742
190,2,1986240,GA,G,232,0.9181
190,2,1986242,CA,C,232,0.7155
190,2,1986261,T,G,232,0.7371
190,2,1986266,C,A,232,0.7241
190,2,1986278,G,T,232,0.7026
190,2,1986279,C,G,232,0.6897
190,2,1986287,C,T,232,0.0043
190,2,1986294,G,T,232,0.7241
190,2,1986299,A,C,232,0.7198
190,2,1986300,C,T,232,0.0086
190,2,1986304,G,C,232,0.7155
190,2,1986305,A,C,232,0.7198
190,2,1986308,AC,A,232,0.7155
190,2,1986312,G,T,232,0.7371
190,2,1986320,T,TCTC,232,0.5991
190,2,1986323,GCGGGA,G,232,0.6422
190,2,1986332,GA,G,232,0.6336
190,2,1986334,C,T,232,0.6422
190,2,1986342,AAAGCCAATTTGTCAG,A,232,0.4526
190,2,1986359,CAAAT,C,232,0.4526
190,2,1986370,AT,A,232,0.5
190,2,1986378,CAGATTAA,C,232,0.4698
190,2,1986388,CATAAGATT,C,232,0.569
190,2,1986401,TGGAAATCCTTGTTGTCTTTGGTACCCATGCGGGATGTCTTCTTTTTA,T,232,0.5776
190,2,2227345,A,G,452,0.219
190,2,2401495,T,C,477,0.2537
190,2,2431974,GT,G,504,0.2103
190,2,2737123,C,T,484,0.5579
190,2,3267901,A,G,156,0.1795
190,2,3424233,G,GC,474,0.9705
190,2,3424236,TC,T,474,0.9662
190,2,3543825,G,A,498,0.9839
190,2,3561968,G,A,484,0.2851
190,2,3875757,CG,C,467,0.1585
190,2,4243748,A,G,388,0.2371
190,2,4286648,C,G,423,0.2553
190,2,4296268,T,C,482,0.8693
190,2,4505383,G,A,211,0.0948
190,3,65954,GA,G,308,0.1364
190,3,66124,A,T,223,0.0045
190,3,66153,G,A,223,0.0045
190,3,66171,G,A,223,0.0045
190,3,66176,G,A,223,0.0045
190,3,66179,G,A,223,0.0045
190,3,66184,A,C,223,0.0045
190,3,66716,G,T,223,0.0045
190,3,66757,G,T,223,0.0045
190,3,66758,G,T,223,0.0045
190,3,66775,G,T,223,0.0045
190,3,66801,G,T,223,0.0045
190,3,66829,G,A,223,0.0045
190,3,66853,A,C,223,0.0045
190,3,67147,A,C,223,0.0045
190,3,67153,G,T,223,0.0045
190,3,67181,G,C,223,0.0045
190,3,67216,A,T,223,0.0045
190,3,67261,G,A,223,0.009
190,3,67336,G,C,223,0.0045
190,3,67485,G,A,223,0.0045
190,3,67493,A,T,223,0.0045
190,3,67494,A,T,223,0.0045
190,3,67501,A,T,223,0.0045
190,3,67510,G,A,223,0.0045
190,3,67511,G,C,223,0.0045
190,3,67528,A,G,223,0.0045
190,3,67923,G,T,223,0.0045
190,3,68057,G,T,223,0.0045
190,3,68388,G,T,223,0.0045
190,3,68390,A,G,223,0.0045
190,3,68537,G,C,223,0.0045
190,3,68539,G,A,223,0.0045
190,3,68552,G,A,223,0.0045
190,3,68968,G,T,223,0.4484
190,3,68970,T,G,223,0.4081
190,3,68975,GGCGGCA,G,223,0.4036
190,3,68986,G,GC,223,0.4036
190,3,69167,A,T,223,0.5426
190,3,69170,G,T,223,0.5426
190,3,69172,TA,T,223,0.5426
190,3,69178,TTA,T,223,0.5202
190,3,69184,GTGC,G,223,0.0045
190,3,69326,G,A,223,0.0045
190,3,69483,G,T,223,0.0045
190,3,69487,G,T,223,0.0045
190,3,69492,G,A,223,0.0045
190,3,69700,C,G,223,0.6906
190,3,69705,A,T,223,0.6726
190,3,69812,A,G,223,0.0045
190,3,70007,C,A,223,0.6592
190,3,70009,C,T,223,0.6592
190,3,70012,A,G,223,0.6771
190,3,70013,ATC,A,223,0.6771
190,3,70025,AT,A,223,0.8117
190,3,70027,C,G,223,0.8341
190,3,70031,GCC,G,223,0.861
190,3,70043,C,G,223,0.9283
190,3,70044,G,GA,223,0.9238
190,3,70048,T,TG,309,0.9644
190,3,262863,CT,C,414,0.1594
190,3,364749,C,T,402,0.9751
190,3,364750,C,T,402,0.9776
190,3,505166,A,G,440,0.25
190,3,568237,G,A,251,0.3347
190,3,569581,G,A,199,0.3367
190,3,659954,A,G,348,0.2759
190,3,890469,C,CAATA,128,0.9531
190,3,890479,G,GGC,128,0.9688
190,3,890480,A,T,128,0.9844
190,3,1097158,C,T,361,0.2133
190,3,1209619,C,G,226,0.3496
190,3,1498184,A,T,350,0.9857
190,3,1498514,GT,G,356,0.2809
190,3,1525832,A,G,280,0.1607
190,3,1862615,C,T,358,0.9665
190,3,1986237,GT,G,272,0.7868
190,3,1986240,GA,G,231,0.9307
190,3,1986254,G,T,231,0.7619
190,3,1986261,T,G,231,0.7403
190,3,1986266,C,A,231,0.7446
190,3,1986274,G,C,231,0.7359
190,3,1986287,CA,C,231,0.7619
190,3,1986294,G,T,231,0.7489
190,3,1986302,G,T,231,0.7273
190,3,1986305,A,C,231,0.7359
190,3,1986312,G,T,231,0.7879
190,3,1986320,T,TCTC,231,0.6104
190,3,1986323,GCGGGA,G,231,0.6407
190,3,1986332,GA,G,231,0.6537
190,3,1986334,C,T,231,0.6623
190,3,1986337,AAG,A,231,0.7359
190,3,1986359,CAAAT,C,231,0.4848
190,3,1986370,AT,A,231,0.5628
190,3,1986378,CAGATTAA,C,231,0.5195
190,3,1986388,CATAAGATT,C,231,0.632
190,3,1986401,TGGAAATCCTTGTTGTCTTTGGTACCCATGCGGGATGTCTTCTTTTTA,T,231,0.6407
190,3,2189448,G,A,338,0.4379
190,3,2401495,T,C,354,0.3051
190,3,2431974,GT,G,402,0.204
190,3,2462880,TC,T,215,0.2465
190,3,2718552,G,A,411,0.1411
190,3,2928097,C,T,343,0.207
190,3,3087907,CT,C,296,0.1351
190,3,3424233,G,GC,378,0.9683
190,3,3424236,TC,T,377,0.9655
190,3,3468738,AC,A,277,0.148
190,3,3659774,G,A,361,0.1911
190,3,4051878,C,T,423,0.1395
190,3,4286648,C,G,351,0.302
190,3,4296268,T,C,399,0.8246
190,3,4296269,GCC,G,401,0.005
190,3,4296380,A,ACG,406,0.2143
190,3,4342332,GC,G,378,0.1455
190,3,4370610,C,T,379,0.1741
190,3,4476679,G,A,151,0.2119
190,3,4476682,C,T,151,0.0728
28,1,28673,G,A,49,0.3265
28,1,65954,GA,G,63,0.1429
28,1,68968,G,T,55,0.5091
28,1,68970,T,G,55,0.4909
28,1,68975,GGCGGCA,G,55,0.4545
28,1,68986,G,GC,55,0.4727
28,1,69167,A,T,55,0.5818
28,1,69170,G,T,55,0.5818
28,1,69178,TTA,T,55,0.5455
28,1,69182,C,T,55,0.5455
28,1,69695,C,G,55,0.7455
28,1,69700,C,G,55,0.7636
28,1,69705,A,T,55,0.7636
28,1,70007,C,A,55,0.7091
28,1,70009,C,T,55,0.7091
28,1,70012,A,G,55,0.7273
28,1,70013,ATC,A,55,0.7273
28,1,70015,C,A,55,0.0545
28,1,70025,AT,A,55,0.9091
28,1,70027,C,G,55,0.9091
28,1,70031,GCC,G,55,0.9636
28,1,70043,C,G,55,0.9818
28,1,70044,G,GA,55,0.9818
28,1,70048,T,TG,71,0.9859
28,1,312310,A,G,17,0.1176
28,1,312315,A,G,17,0.1765
28,1,326498,G,C,54,0.3148
28,1,364749,C,T,94,0.9894
28,1,364750,C,T,94,1
28,1,522571,CG,C,37,0.2162
28,1,570434,G,A,21,0.3333
28,1,583233,G,T,23,0.1739
28,1,659954,A,G,53,0.3208
28,1,890467,A,C,37,0.9459
28,1,890469,C,CAATA,37,0.9189
28,1,890479,G,GGC,37,1
28,1,890480,A,T,37,1
28,1,1097158,C,T,49,0.1837
28,1,1208292,T,C,9,0.1111
28,1,1211559,G,A,11,0.1818
28,1,1437819,A,G,46,0.2609
28,1,1498184,A,T,85,0.9647
28,1,1504872,CA,C,93,0.172
28,1,1545051,G,A,26,0.2308
28,1,1553933,A,AG,83,0.1446
28,1,1582696,G,A,18,0.1667
28,1,1754319,C,G,47,0.2128
28,1,1862615,C,T,76,0.9868
28,1,1986237,GT,G,37,0.8919
28,1,1986240,GA,G,34,0.9706
28,1,1986242,CA,C,34,0.8529
28,1,1986246,G,GCA,34,0.8529
28,1,1986261,T,G,34,0.8824
28,1,1986263,A,G,34,0.8824
28,1,1986264,T,C,34,0.8824
28,1,1986266,C,A,34,0.8824
28,1,1986267,T,G,34,0.8824
28,1,1986270,A,G,34,0.8824
28,1,1986287,CA,C,34,0.8529
28,1,1986290,CG,C,34,0.8529
28,1,1986291,G,T,34,0.0294
28,1,1986294,G,T,34,0.8235
28,1,1986296,A,G,34,0.8235
28,1,1986302,G,T,34,0.8529
28,1,1986305,A,C,34,0.8529
28,1,1986312,G,T,34,0.8529
28,1,1986320,T,TCTC,34,0.7353
28,1,1986334,C,T,34,0.7941
28,1,1986337,AAG,A,34,0.8235
28,1,1986342,AAAGCCAATTTGTCAG,A,34,0.5
28,1,1986359,CAAAT,C,34,0.5
28,1,1986370,AT,A,34,0.6176
28,1,1986378,CAGATTAA,C,34,0.5294
28,1,1986388,CATAAGATT,C,34,0.5588
28,1,1986401,TGGAAATCCTTGTTGTCTTTGGTACCCATGCGGGATGTCTTCTTTTTA,T,34,0.5882
28,1,2042716,G,C,39,0.1538
28,1,2103705,G,A,21,0.2857
28,1,2103708,C,A,21,0.2381
28,1,2107224,C,T,19,0.1579
28,1,2241222,C,G,82,0.2073
28,1,2457626,G,C,63,0.127
28,1,2582528,C,T,83,0.1205
28,1,2758390,C,G,21,0.381
28,1,2758654,G,A,22,0.3182
28,1,2772477,A,G,44,0.1591
28,1,2784564,C,T,14,0.3571
28,1,2786613,C,T,14,0.3571
28,1,2993497,T,C,14,0.2143
28,1,3252474,A,G,56,0.125
28,1,3267901,A,G,21,0.1905
28,1,3424233,G,GC,94,0.9894
28,1,3424236,TC,T,94,1
28,1,3634239,G,T,19,0.2105
28,1,3634242,C,T,19,0.2632
28,1,3659420,G,A,37,0.1351
28,1,3765669,A,G,45,0.3333
28,1,3767499,C,G,22,0.1364
28,1,3799207,C,T,9,0.3333
28,1,3892467,C,T,65,0.1692
28,1,4296268,T,C,71,0.8169
28,1,4296380,A,ACG,74,0.2297
28,1,4406331,C,G,64,0.25
28,1,4493852,A,G,61,0.1639
28,1,4504187,G,A,33,0.2121
28,1,4505481,C,T,33,0.3333
28,2,65954,GA,G,81,0.1852
28,2,68968,G,T,61,0.4918
28,2,68970,T,G,61,0.4426
28,2,68986,G,GC,61,0.4098
28,2,69167,A,T,61,0.6066
28,2,69170,G,T,61,0.5902
28,2,69178,TTA,T,61,0.5902
28,2,69695,C,G,61,0.7705
28,2,69700,C,G,61,0.7705
28,2,69705,A,T,61,0.7541
28,2,70007,C,A,61,0.7377
28,2,70009,C,T,61,0.7377
28,2,70012,A,G,61,0.7377
28,2,70013,ATC,A,61,0.7377
28,2,70025,AT,A,61,0.8689
28,2,70026,T,G,61,0.0164
28,2,70027,C,G,61,0.8689
28,2,70031,GCC,G,61,0.9016
28,2,70040,A,AT,61,0.918
28,2,70044,G,GA,61,0.9508
28,2,70048,T,TG,83,0.9759
28,2,313436,G,C,36,0.1111
28,2,364749,C,T,132,0.9621
28,2,364750,C,T,132,0.9773
28,2,563437,T,C,49,0.2653
28,2,570434,G,A,24,0.25
28,2,585589,C,T,29,0.1379
28,2,714868,A,G,124,0.2419
28,2,890467,A,C,40,1
28,2,890480,A,T,40,1
28,2,1097118,C,A,67,0.1791
28,2,1097158,C,T,67,0.1791
28,2,1498184,A,T,108,0.963
28,2,1511141,A,G,106,0.3491
28,2,1545051,G,A,37,0.2703
28,2,1700569,A,G,116,0.1379
28,2,1754319,C,G,46,0.3043
28,2,1790758,C,T,90,0.1667
28,2,1862615,C,T,93,0.957
28,2,1986237,GT,G,45,0.8
28,2,1986240,GA,G,37,0.973
28,2,1986241,A,G,37,0.027
28,2,1986242,CA,C,37,0.8649
28,2,1986246,G,GCA,37,0.8649
28,2,1986261,T,G,37,0.7838
28,2,1986266,C,A,37,0.8108
28,2,1986287,CA,C,37,0.8919
28,2,1986294,G,T,37,0.8919
28,2,1986299,A,C,37,0.8378
28,2,1986300,C,CT,37,0.8378
28,2,1986304,G,C,37,0.8649
28,2,1986305,A,C,37,0.8649
28,2,1986342,AAAGCCAATTTGTCAG,A,37,0.7297
28,2,1986359,CAAAT,C,37,0.7297
28,2,1986370,AT,A,37,0.7297
28,2,1986372,G,T,37,0.1081
28,2,1986378,CAGATTAA,C,37,0.7027
28,2,1986388,CATAAGATT,C,37,0.7838
28,2,1986401,TGGAAATCCTTGTTGTCTTTGGTACCCATGCGGGATGTCTTCTTTTTA,T,37,0.7838
28,2,2103705,G,A,22,0.2273
28,2,2103708,C,T,22,0.2727
28,2,2105086,G,A,14,0.2143
28,2,2107780,C,T,30,0.2667
28,2,2197139,G,C,85,0.1882
28,2,2241222,C,G,121,0.2645
28,2,2431974,GT,G,114,0.2193
28,2,2582528,C,T,93,0.086
28,2,2743576,C,G,95,0.1263
28,2,2787966,C,A,27,0.1481
28,2,2923951,G,A,95,0.1579
28,2,2988811,C,G,20,0.2
28,2,2990140,C,T,15,0.1333
28,2,3088511,CT,C,69,0.1884
28,2,3267901,A,G,31,0.3226
28,2,3350586,GA,G,91,0.2857
28,2,3424233,G,GC,90,0.9667
28,2,3424236,TC,T,90,0.9778
28,2,3479762,G,C,117,0.2308
28,2,3633618,C,A,15,0.1333
28,2,3634239,G,A,25,0.16
28,2,3634242,C,T,25,0.16
28,2,3651462,G,A,34,0.2059
28,2,3669005,A,G,65,0.1846
28,2,3769581,C,T,18,0.2222
28,2,3799207,C,T,19,0.2105
28,2,3801994,G,A,14,0.2143
28,2,3802845,C,T,23,0.1739
28,2,3856567,TA,T,123,0.1951
28,2,4002022,C,G,76,0.2895
28,2,4092196,A,G,72,0.1806
28,2,4286648,C,G,80,0.275
28,2,4294132,T,C,96,0.2292
28,2,4296268,T,C,101,0.901
28,2,4296269,G,A,101,0.0099
28,2,4430760,C,G,86,0.2558
28,2,4504717,C,T,19,0.3684
28,3,28673,G,A,29,0.2759
28,3,58932,T,C,26,0.1538
28,3,65954,GA,G,50,0.16
28,3,68968,G,T,44,0.5909
28,3,68970,T,G,44,0.5227
28,3,68975,GGCGGCA,G,44,0.5227
28,3,68986,G,GC,44,0.5227
28,3,69167,A,T,44,0.6818
28,3,69170,G,T,44,0.6818
28,3,69172,TA,T,44,0.6818
28,3,69178,TTA,T,44,0.6591
28,3,69182,C,T,44,0.6591
28,3,69695,C,G,44,0.7955
28,3,69700,C,G,44,0.7955
28,3,69705,A,T,44,0.7045
28,3,70007,C,A,44,0.6591
28,3,70009,C,T,44,0.6591
28,3,70012,A,G,44,0.7273
28,3,70013,ATC,A,44,0.7045
28,3,70025,AT,A,44,0.8636
28,3,70027,C,G,44,0.8864
28,3,70031,GCC,G,44,0.9773
28,3,70043,C,G,44,0.9773
28,3,70044,G,GA,44,0.9773
28,3,70048,T,TG,52,1
28,3,234826,CA,C,25,0.16
28,3,284208,C,G,46,0.2391
28,3,293250,C,CT,15,0.2
28,3,312154,C,G,10,0.3
28,3,324891,C,G,8,0.125
28,3,324987,A,G,8,0.125
28,3,329858,T,C,27,0.2593
28,3,331712,C,T,15,0.1333
28,3,332043,T,C,9,0.1111
28,3,364749,C,T,56,0.9821
28,3,364750,C,T,56,0.9821
28,3,481019,G,C,15,0.2
28,3,543284,A,G,38,0.1316
28,3,563437,T,C,13,0.3077
28,3,568555,C,G,10,0.2
28,3,579912,C,T,10,0.2
28,3,583127,C,G,5,0.2
28,3,583214,C,T,4,0.25
28,3,583494,T,C,3,0.3333
28,3,656711,T,C,11,0.0909
28,3,659954,A,G,23,0.2174
28,3,661208,G,A,19,0.1579
28,3,689879,T,C,72,0.3333
28,3,714868,A,G,34,0.2353
28,3,735821,G,T,9,0.1111
28,3,736310,G,A,6,0.1667
28,3,738057,G,A,8,0.125
28,3,890467,A,C,14,1
28,3,890479,G,GGC,14,0.9286
28,3,890480,A,T,14,1
28,3,955001,C,G,24,0.125
28,3,1065014,G,A,17,0.1176
28,3,1092966,C,G,7,0.4286
28,3,1097118,C,A,20,0.35
28,3,1097158,C,T,22,0.4545
28,3,1102870,A,G,14,0.1429
28,3,1119594,G,C,25,0.2
28,3,1207789,C,G,26,0.1538
28,3,1209619,C,G,22,0.1818
28,3,1211704,T,TC,6,0.3333
28,3,1211831,G,C,8,0.375
28,3,1219956,G,A,3,0.3333
28,3,1225399,G,C,27,0.1852
28,3,1227983,G,GA,22,0.1818
28,3,1228219,A,G,30,0.1333
28,3,1314858,C,T,9,0.2222
28,3,1315041,G,A,11,0.1818
28,3,1413349,C,G,6,0.1667
28,3,1414241,G,C,14,0.2143
28,3,1416552,G,T,25,0.2
28,3,1423612,C,G,12,0.1667
28,3,1435315,A,G,13,0.2308
28,3,1498184,A,T,36,1
28,3,1498514,GT,G,41,0.2439
28,3,1524874,G,C,33,0.4242
28,3,1525832,A,G,19,0.3158
28,3,1531680,G,A,4,0.5
28,3,1532011,A,G,7,0.1429
28,3,1533381,G,A,17,0.2353
28,3,1549719,C,G,65,0.2308
28,3,1573160,A,G,29,0.1379
28,3,1580440,G,A,13,0.3077
28,3,1582235,C,G,12,0.1667
28,3,1583267,T,C,11,0.1818
28,3,1588461,G,T,14,0.1429
28,3,1637103,C,T,12,0.1667
28,3,1638467,T,G,5,0.2
28,3,1638783,A,T,6,0.1667
28,3,1640007,A,G,10,0.2
28,3,1641258,G,T,8,0.25
28,3,1641262,C,G,8,0.25
28,3,1667445,C,G,49,0.1837
28,3,1754319,C,G,21,0.2381
28,3,1803525,TAG,T,8,0.5
28,3,1804024,C,A,7,0.1429
28,3,1804543,G,C,8,0.125
28,3,1810317,C,T,31,0.1613
28,3,1862615,C,T,43,0.9535
28,3,1870241,C,T,7,0.2857
28,3,1905061,C,T,9,0.2222
28,3,1981225,G,C,34,0.2941
28,3,1986237,GT,G,10,0.7
28,3,1986241,A,G,9,0.1111
28,3,1986388,CATAAGATT,C,9,0.6667
28,3,1986401,TGGAAATCCTTGTTGTCTTTGGTACCCATGCGGGATGTCTTCTTTTTA,T,9,0.6667
28,3,1987372,T,C,16,0.1875
28,3,2037348,C,T,6,0.1667
28,3,2037592,G,A,8,0.125
28,3,2042716,G,C,14,0.2143
28,3,2052250,C,T,16,0.25
28,3,2052721,C,T,11,0.4545
28,3,2067616,CT,C,16,0.1875
28,3,2103614,C,G,10,0.3
28,3,2103741,G,C,8,0.25
28,3,2104282,A,G,6,0.1667
28,3,2105086,G,C,2,0.5
28,3,2107627,G,A,6,0.6667
28,3,2107777,G,A,5,0.6
28,3,2108825,T,C,13,0.1538
28,3,2130416,T,C,30,0.4
28,3,2227361,G,C,54,0.2593
28,3,2241222,C,G,62,0.129
28,3,2385537,C,G,13,0.1538
28,3,2405976,A,G,22,0.1364
28,3,2406602,C,T,18,0.2222
28,3,2431974,GT,G,71,0.2535
28,3,2455893,C,T,13,0.2308
28,3,2467797,G,A,12,0.1667
28,3,2468544,G,A,9,0.1111
28,3,2469289,G,C,8,0.125
28,3,2470463,G,C,7,0.1429
28,3,2471373,CT,C,15,0.2667
28,3,2478305,A,AGT,41,0.0976
28,3,2482381,G,C,14,0.2857
28,3,2483306,T,C,7,0.1429
28,3,2483356,T,G,7,0.1429
28,3,2483419,T,C,8,0.125
28,3,2483422,G,T,8,0.125
28,3,2483437,A,G,8,0.125
28,3,2483451,C,G,7,0.1429
28,3,2483465,G,A,7,0.1429
28,3,2483496,T,C,7,0.1429
28,3,2483535,A,G,7,0.1429
28,3,2483540,G,A,7,0.1429
28,3,2483661,G,A,9,0.1111
28,3,2483695,G,A,9,0.1111
28,3,2483717,G,A,9,0.1111
28,3,2483728,G,A,9,0.1111
28,3,2484189,G,A,11,0.0909
28,3,2484441,A,G,10,0.2
28,3,2484529,A,C,13,0.2308
28,3,2484574,G,A,13,0.1538
28,3,2484608,G,A,13,0.1538
28,3,2484718,A,C,14,0.1429
28,3,2484727,C,T,14,0.1429
28,3,2484770,A,G,13,0.1538
28,3,2484820,A,C,12,0.1667
28,3,2484857,C,T,13,0.1538
28,3,2485069,A,G,16,0.125
28,3,2485102,C,A,15,0.1333
28,3,2485280,A,G,12,0.1667
28,3,2485312,C,A,12,0.1667
28,3,2485327,G,A,12,0.25
28,3,2485335,A,C,12,0.1667
28,3,2485342,G,A,12,0.25
28,3,2485354,T,G,12,0.1667
28,3,2485423,C,T,11,0.1818
28,3,2485438,A,G,11,0.1818
28,3,2485449,G,A,11,0.1818
28,3,2485476,G,C,11,0.1818
28,3,2485627,G,T,10,0.2
28,3,2485660,T,A,9,0.2222
28,3,2485663,A,G,9,0.2222
28,3,2485670,C,A,9,0.2222
28,3,2485672,G,A,9,0.2222
28,3,2485681,T,C,9,0.2222
28,3,2485705,T,C,9,0.2222
28,3,2485765,T,C,9,0.2222
28,3,2485804,T,C,10,0.2
28,3,2485812,C,A,9,0.2222
28,3,2485822,G,A,9,0.2222
28,3,2485831,C,T,9,0.2222
28,3,2485918,G,C,10,0.2
28,3,2485966,A,C,10,0.2
28,3,2486071,C,T,13,0.1538
28,3,2486107,A,G,13,0.1538
28,3,2486113,A,G,13,0.1538
28,3,2486185,T,A,14,0.1429
28,3,2486251,A,C,13,0.1538
28,3,2486276,G,A,12,0.1667
28,3,2486380,A,C,11,0.1818
28,3,2486413,A,T,10,0.2
28,3,2486440,T,C,11,0.1818
28,3,2486443,A,G,11,0.1818
28,3,2486453,C,T,11,0.2727
28,3,2486470,G,A,11,0.1818
28,3,2486476,A,G,11,0.1818
28,3,2486478,A,G,12,0.1667
28,3,2486491,A,C,12,0.1667
28,3,2486503,A,C,12,0.1667
28,3,2486527,G,A,12,0.1667
28,3,2486560,T,C,12,0.1667
28,3,2486608,G,A,12,0.1667
28,3,2486772,G,C,12,0.25
28,3,2486829,A,G,11,0.1818
28,3,2486830,T,C,11,0.1818
28,3,2486857,G,A,11,0.1818
28,3,2486875,A,T,12,0.1667
28,3,2487157,A,G,12,0.1667
28,3,2487159,C,T,12,0.1667
28,3,2487189,G,C,12,0.1667
28,3,2487193,G,A,12,0.1667
28,3,2487203,A,G,12,0.1667
28,3,2487232,C,A,13,0.1538
28,3,2487522,G,A,15,0.1333
28,3,2488065,G,C,13,0.1538
28,3,2512888,CT,C,17,0.2353
28,3,2582528,C,T,72,0.0972
28,3,2629200,T,C,8,0.125
28,3,2629900,G,A,17,0.2941
28,3,2757445,C,T,13,0.2308
28,3,2774422,A,T,9,0.1111
28,3,2783521,CT,C,17,0.2941
28,3,2784258,C,G,6,0.1667
28,3,2784524,A,G,4,0.25
28,3,2784926,A,G,4,0.25
28,3,2785147,A,G,4,0.5
28,3,2786979,G,C,6,0.3333
28,3,2903975,A,G,14,0.2143
28,3,2905992,A,G,10,0.3
28,3,2906623,TA,T,20,0.3
28,3,2925497,T,C,30,0.2
28,3,2986872,G,C,9,0.2222
28,3,2987090,T,C,8,0.25
28,3,2988701,C,G,3,0.3333
28,3,2990993,T,A,4,0.25
28,3,2992358,C,T,6,0.3333
28,3,2996676,G,A,11,0.1818
28,3,3188976,C,G,16,0.1875
28,3,3191937,C,G,16,0.25
28,3,3361881,G,C,18,0.1111
28,3,3361885,C,A,18,0.1667
28,3,3424233,G,GC,64,0.9531
28,3,3424236,TC,T,64,0.9844
28,3,3427610,CT,C,56,0.1786
28,3,3619848,A,G,27,0.2963
28,3,3633628,C,T,6,0.3333
28,3,3634188,C,G,5,0.2
28,3,3635220,C,T,16,0.1875
28,3,3652002,C,T,13,0.3077
28,3,3653297,C,T,6,0.1667
28,3,3654339,A,G,7,0.1429
28,3,3655324,T,C,9,0.1111
28,3,3655582,T,A,10,0.1
28,3,3655684,C,A,9,0.1111
28,3,3655724,T,C,8,0.125
28,3,3655870,G,A,8,0.125
28,3,3655879,A,T,8,0.125
28,3,3655912,C,A,8,0.125
28,3,3655964,C,T,8,0.125
28,3,3656137,C,T,6,0.1667
28,3,3658464,C,T,10,0.2
28,3,3667761,C,G,10,0.1
28,3,3667856,C,G,11,0.0909
28,3,3668355,T,C,15,0.2
28,3,3670427,C,T,25,0.2
28,3,3672574,G,A,26,0.2308
28,3,3673802,T,C,24,0.125
28,3,3767821,C,T,6,0.6667
28,3,3794686,A,G,21,0.2381
28,3,3796363,A,G,17,0.1765
28,3,3799473,C,T,3,0.3333
28,3,3804517,C,T,2,0.5
28,3,3849794,G,GT,42,0.1905
28,3,3888495,G,A,12,0.1667
28,3,3926129,G,C,23,0.1304
28,3,4044027,C,A,17,0.1765
28,3,4046538,C,T,15,0.1333
28,3,4079452,C,A,13,0.1538
28,3,4221437,C,G,10,0.2
28,3,4221935,A,T,5,0.2
28,3,4222042,G,T,4,0.25
28,3,4222045,C,T,4,0.25
28,3,4222730,G,C,11,0.0909
28,3,4250777,A,C,11,0.2727
28,3,4251886,G,A,15,0.3333
28,3,4286648,C,G,37,0.2162
28,3,4294132,T,C,23,0.2174
28,3,4296268,T,C,34,0.7353
28,3,4296380,A,ACG,35,0.2857
28,3,4338444,G,C,28,0.1786
28,3,4350753,T,C,15,0.1333
28,3,4361832,C,T,20,0.25
28,3,4413038,A,G,51,0.2157
28,3,4437721,C,T,19,0.1579
28,3,4474762,T,C,24,0.2083
28,3,4476409,G,C,7,0.2857
28,3,4493852,A,G,29,0.2069
28,3,4504482,C,T,12,0.1667
28,3,4504612,C,T,11,0.2727
28,3,4504717,C,T,10,0.4
28,3,4541608,G,C,7,0.2857
28,3,4641532,C,G,11,0.1818
